date,market,channel,impressions,clicks,spend_vnd,installs,bookings
2026-03-01,TP.HCM,Facebook Ads,37964,600,2384482,95,25
2026-03-01,TP.HCM,TikTok Ads,32455,721,2721343,77,17
2026-03-01,TP.HCM,Google Ads,20914,906,6009505,311,136
2026-03-01,TP.HCM,Zalo Ads,14961,265,822289,46,19
2026-03-01,Hà Nội,Facebook Ads,29272,392,1464914,59,14
2026-03-01,Hà Nội,TikTok Ads,25139,369,1354257,52,10
2026-03-01,Hà Nội,Google Ads,16183,564,3510227,146,73
2026-03-01,Hà Nội,Zalo Ads,11675,231,638106,34,13
2026-03-01,Đà Nẵng,Facebook Ads,10524,114,355319,19,10
2026-03-01,Đà Nẵng,TikTok Ads,9078,161,449706,16,5
2026-03-01,Đà Nẵng,Google Ads,5741,224,1131153,62,23
2026-03-01,Đà Nẵng,Zalo Ads,4232,90,198624,13,4
2026-03-01,Cần Thơ,Facebook Ads,7178,113,379226,14,4
2026-03-01,Cần Thơ,TikTok Ads,6109,108,247458,9,3
2026-03-01,Cần Thơ,Google Ads,4002,162,718486,47,23
2026-03-01,Cần Thơ,Zalo Ads,2833,60,116651,12,7
2026-03-02,TP.HCM,Facebook Ads,42114,610,2745209,101,21
2026-03-02,TP.HCM,TikTok Ads,35993,650,2625856,50,11
2026-03-02,TP.HCM,Google Ads,22961,710,4184720,140,61
2026-03-02,TP.HCM,Zalo Ads,16903,399,1213135,66,32
2026-03-02,Hà Nội,Facebook Ads,32890,424,1813000,71,23
2026-03-02,Hà Nội,TikTok Ads,27964,478,1503041,66,16
2026-03-02,Hà Nội,Google Ads,17805,720,4575438,159,69
2026-03-02,Hà Nội,Zalo Ads,12886,326,935964,54,26
2026-03-02,Đà Nẵng,Facebook Ads,11763,149,531329,20,11
2026-03-02,Đà Nẵng,TikTok Ads,10116,195,549021,27,3
2026-03-02,Đà Nẵng,Google Ads,6516,264,1534857,51,25
2026-03-02,Đà Nẵng,Zalo Ads,4674,120,291760,26,11
2026-03-02,Cần Thơ,Facebook Ads,8034,114,361613,14,3
2026-03-02,Cần Thơ,TikTok Ads,6961,121,348868,17,5
2026-03-02,Cần Thơ,Google Ads,4296,170,634695,36,12
2026-03-02,Cần Thơ,Zalo Ads,3122,72,171307,18,5
2026-03-03,TP.HCM,Facebook Ads,42126,524,2121259,89,32
2026-03-03,TP.HCM,TikTok Ads,35998,739,2340486,97,33
2026-03-03,TP.HCM,Google Ads,23121,828,5434802,143,75
2026-03-03,TP.HCM,Zalo Ads,17076,323,1020896,49,12
2026-03-03,Hà Nội,Facebook Ads,32976,379,1670567,29,5
2026-03-03,Hà Nội,TikTok Ads,27985,549,1724399,51,17
2026-03-03,Hà Nội,Google Ads,17817,780,4618234,150,61
2026-03-03,Hà Nội,Zalo Ads,13417,253,826250,53,21
2026-03-03,Đà Nẵng,Facebook Ads,11852,177,493797,14,4
2026-03-03,Đà Nẵng,TikTok Ads,9960,184,538650,26,7
2026-03-03,Đà Nẵng,Google Ads,6529,304,1508952,59,26
2026-03-03,Đà Nẵng,Zalo Ads,4581,106,207661,20,5
2026-03-03,Cần Thơ,Facebook Ads,7915,83,329162,11,5
2026-03-03,Cần Thơ,TikTok Ads,6790,124,358495,15,5
2026-03-03,Cần Thơ,Google Ads,4329,153,745980,45,14
2026-03-03,Cần Thơ,Zalo Ads,3161,59,120737,10,4
2026-03-04,TP.HCM,Facebook Ads,42412,585,2674299,91,41
2026-03-04,TP.HCM,TikTok Ads,35980,672,2600163,72,16
2026-03-04,TP.HCM,Google Ads,23362,812,5137420,184,68
2026-03-04,TP.HCM,Zalo Ads,17023,276,795354,50,22
2026-03-04,Hà Nội,Facebook Ads,33175,474,2058849,57,26
2026-03-04,Hà Nội,TikTok Ads,28138,477,1875755,72,15
2026-03-04,Hà Nội,Google Ads,18340,790,5113860,238,104
2026-03-04,Hà Nội,Zalo Ads,13200,344,1006694,48,18
2026-03-04,Đà Nẵng,Facebook Ads,11777,119,388070,11,3
2026-03-04,Đà Nẵng,TikTok Ads,9990,215,642327,29,8
2026-03-04,Đà Nẵng,Google Ads,6597,247,1410684,66,22
2026-03-04,Đà Nẵng,Zalo Ads,4917,105,225713,14,3
2026-03-04,Cần Thơ,Facebook Ads,8009,96,303615,6,3
2026-03-04,Cần Thơ,TikTok Ads,6831,143,305467,14,3
2026-03-04,Cần Thơ,Google Ads,4545,154,770899,37,14
2026-03-04,Cần Thơ,Zalo Ads,3171,73,175464,11,5
2026-03-05,TP.HCM,Facebook Ads,42260,496,2338818,60,18
2026-03-05,TP.HCM,TikTok Ads,36005,719,2661312,76,21
2026-03-05,TP.HCM,Google Ads,23126,808,4731981,162,92
2026-03-05,TP.HCM,Zalo Ads,17143,340,928178,52,26
2026-03-05,Hà Nội,Facebook Ads,32946,382,1746255,68,24
2026-03-05,Hà Nội,TikTok Ads,28129,520,1862895,54,12
2026-03-05,Hà Nội,Google Ads,18184,749,5021264,109,49
2026-03-05,Hà Nội,Zalo Ads,13126,317,1022251,56,29
2026-03-05,Đà Nẵng,Facebook Ads,11847,166,569289,20,8
2026-03-05,Đà Nẵng,TikTok Ads,10047,154,446831,12,2
2026-03-05,Đà Nẵng,Google Ads,6524,269,1363353,44,22
2026-03-05,Đà Nẵng,Zalo Ads,4842,138,291537,21,4
2026-03-05,Cần Thơ,Facebook Ads,8162,103,322929,18,4
2026-03-05,Cần Thơ,TikTok Ads,6819,135,345697,25,4
2026-03-05,Cần Thơ,Google Ads,4509,205,1066483,41,18
2026-03-05,Cần Thơ,Zalo Ads,3179,72,159210,12,4
2026-03-06,TP.HCM,Facebook Ads,42548,564,2500962,83,28
2026-03-06,TP.HCM,TikTok Ads,36334,514,1738563,50,19
2026-03-06,TP.HCM,Google Ads,23525,977,6276293,187,97
2026-03-06,TP.HCM,Zalo Ads,17056,393,1265371,75,30
2026-03-06,Hà Nội,Facebook Ads,33374,418,1685891,86,26
2026-03-06,Hà Nội,TikTok Ads,27966,587,2123169,48,7
2026-03-06,Hà Nội,Google Ads,18306,720,4544830,168,65
2026-03-06,Hà Nội,Zalo Ads,13180,369,1016936,62,25
2026-03-06,Đà Nẵng,Facebook Ads,12118,153,528001,17,8
2026-03-06,Đà Nẵng,TikTok Ads,10193,204,664394,20,5
2026-03-06,Đà Nẵng,Google Ads,6527,268,1343486,46,17
2026-03-06,Đà Nẵng,Zalo Ads,4682,137,332907,27,6
2026-03-06,Cần Thơ,Facebook Ads,8176,89,308978,22,5
2026-03-06,Cần Thơ,TikTok Ads,6822,126,307324,19,4
2026-03-06,Cần Thơ,Google Ads,4408,172,826582,41,15
2026-03-06,Cần Thơ,Zalo Ads,3107,69,148613,11,6
2026-03-07,TP.HCM,Facebook Ads,38563,466,2218946,73,23
2026-03-07,TP.HCM,TikTok Ads,32535,549,2086810,52,21
2026-03-07,TP.HCM,Google Ads,20915,909,6453794,134,57
2026-03-07,TP.HCM,Zalo Ads,15366,404,1177407,45,16
2026-03-07,Hà Nội,Facebook Ads,30103,408,1541657,63,21
2026-03-07,Hà Nội,TikTok Ads,25260,556,2063889,70,12
2026-03-07,Hà Nội,Google Ads,16260,633,3714791,141,87
2026-03-07,Hà Nội,Zalo Ads,11866,239,593531,20,10
2026-03-07,Đà Nẵng,Facebook Ads,10847,152,553512,21,5
2026-03-07,Đà Nẵng,TikTok Ads,9127,176,508078,17,7
2026-03-07,Đà Nẵng,Google Ads,5927,228,1107021,44,23
2026-03-07,Đà Nẵng,Zalo Ads,4289,90,209879,14,5
2026-03-07,Cần Thơ,Facebook Ads,7212,90,308815,16,9
2026-03-07,Cần Thơ,TikTok Ads,6171,107,335417,6,3
2026-03-07,Cần Thơ,Google Ads,4008,169,802681,46,22
2026-03-07,Cần Thơ,Zalo Ads,2915,84,165417,15,5
2026-03-08,TP.HCM,Facebook Ads,38441,382,1346737,46,11
2026-03-08,TP.HCM,TikTok Ads,32578,616,2454603,57,16
2026-03-08,TP.HCM,Google Ads,21018,961,6566217,217,145
2026-03-08,TP.HCM,Zalo Ads,15356,294,935071,38,8
2026-03-08,Hà Nội,Facebook Ads,29639,416,1686987,68,14
2026-03-08,Hà Nội,TikTok Ads,25334,387,1457309,40,5
2026-03-08,Hà Nội,Google Ads,16615,722,4344843,166,98
2026-03-08,Hà Nội,Zalo Ads,11980,306,756061,61,32
2026-03-08,Đà Nẵng,Facebook Ads,10682,138,501103,21,5
2026-03-08,Đà Nẵng,TikTok Ads,9242,171,455176,24,6
2026-03-08,Đà Nẵng,Google Ads,5986,251,1162550,62,33
2026-03-08,Đà Nẵng,Zalo Ads,4310,97,234255,10,1
2026-03-08,Cần Thơ,Facebook Ads,7433,103,329114,21,9
2026-03-08,Cần Thơ,TikTok Ads,6249,105,286682,9,2
2026-03-08,Cần Thơ,Google Ads,3936,169,694117,38,23
2026-03-08,Cần Thơ,Zalo Ads,2965,62,141255,9,3
2026-03-09,TP.HCM,Facebook Ads,42952,490,2247356,68,22
2026-03-09,TP.HCM,TikTok Ads,36385,492,1827229,62,9
2026-03-09,TP.HCM,Google Ads,23678,1124,6600049,155,57
2026-03-09,TP.HCM,Zalo Ads,17019,321,975611,52,17
2026-03-09,Hà Nội,Facebook Ads,33227,407,1623513,48,19
2026-03-09,Hà Nội,TikTok Ads,28186,464,1495078,58,17
2026-03-09,Hà Nội,Google Ads,18486,640,4237372,96,50
2026-03-09,Hà Nội,Zalo Ads,13327,213,588998,32,13
2026-03-09,Đà Nẵng,Facebook Ads,11961,184,549752,25,11
2026-03-09,Đà Nẵng,TikTok Ads,10353,208,603225,19,9
2026-03-09,Đà Nẵng,Google Ads,6572,294,1636588,74,39
2026-03-09,Đà Nẵng,Zalo Ads,4852,108,248142,17,2
2026-03-09,Cần Thơ,Facebook Ads,8065,91,274727,10,4
2026-03-09,Cần Thơ,TikTok Ads,6922,160,440468,22,5
2026-03-09,Cần Thơ,Google Ads,4459,215,1066746,49,27
2026-03-09,Cần Thơ,Zalo Ads,3291,79,165744,12,2
2026-03-10,TP.HCM,Facebook Ads,43086,475,2008493,99,29
2026-03-10,TP.HCM,TikTok Ads,36565,726,2719967,75,13
2026-03-10,TP.HCM,Google Ads,23848,916,6328825,147,85
2026-03-10,TP.HCM,Zalo Ads,17202,382,1101140,79,22
2026-03-10,Hà Nội,Facebook Ads,33273,467,1842084,67,26
2026-03-10,Hà Nội,TikTok Ads,28733,502,1986788,69,16
2026-03-10,Hà Nội,Google Ads,18489,687,4491106,140,72
2026-03-10,Hà Nội,Zalo Ads,13428,334,886920,59,13
2026-03-10,Đà Nẵng,Facebook Ads,11924,159,454254,23,11
2026-03-10,Đà Nẵng,TikTok Ads,10107,178,516848,19,6
2026-03-10,Đà Nẵng,Google Ads,6542,262,1398459,67,25
2026-03-10,Đà Nẵng,Zalo Ads,4796,76,178748,10,4
2026-03-10,Cần Thơ,Facebook Ads,8192,135,436501,27,5
2026-03-10,Cần Thơ,TikTok Ads,6999,133,369635,9,3
2026-03-10,Cần Thơ,Google Ads,4409,211,1101166,48,24
2026-03-10,Cần Thơ,Zalo Ads,3195,82,193668,15,1
2026-03-11,TP.HCM,Facebook Ads,42944,585,2367307,83,19
2026-03-11,TP.HCM,TikTok Ads,36098,577,1964461,52,17
2026-03-11,TP.HCM,Google Ads,24025,955,6659460,122,57
2026-03-11,TP.HCM,Zalo Ads,17303,449,1288052,68,18
2026-03-11,Hà Nội,Facebook Ads,33948,400,1530709,51,8
2026-03-11,Hà Nội,TikTok Ads,28256,462,1632912,51,16
2026-03-11,Hà Nội,Google Ads,18440,691,4058285,143,76
2026-03-11,Hà Nội,Zalo Ads,13407,299,960654,40,13
2026-03-11,Đà Nẵng,Facebook Ads,12036,153,486703,21,5
2026-03-11,Đà Nẵng,TikTok Ads,10089,189,548571,25,9
2026-03-11,Đà Nẵng,Google Ads,6614,264,1319419,60,30
2026-03-11,Đà Nẵng,Zalo Ads,4815,122,300245,21,5
2026-03-11,Cần Thơ,Facebook Ads,8177,85,279858,18,4
2026-03-11,Cần Thơ,TikTok Ads,6871,136,402043,19,3
2026-03-11,Cần Thơ,Google Ads,4577,221,1127886,42,23
2026-03-11,Cần Thơ,Zalo Ads,3383,76,173962,9,1
2026-03-12,TP.HCM,Facebook Ads,43515,559,2398381,81,24
2026-03-12,TP.HCM,TikTok Ads,36569,701,2763157,92,24
2026-03-12,TP.HCM,Google Ads,23850,982,6669293,212,116
2026-03-12,TP.HCM,Zalo Ads,17314,383,1162010,60,21
2026-03-12,Hà Nội,Facebook Ads,33607,486,2113499,79,21
2026-03-12,Hà Nội,TikTok Ads,28527,619,2230236,57,19
2026-03-12,Hà Nội,Google Ads,18538,707,4127234,137,61
2026-03-12,Hà Nội,Zalo Ads,13688,318,954292,48,20
2026-03-12,Đà Nẵng,Facebook Ads,12271,193,623908,24,5
2026-03-12,Đà Nẵng,TikTok Ads,10418,211,587510,33,9
2026-03-12,Đà Nẵng,Google Ads,6752,262,1405707,58,24
2026-03-12,Đà Nẵng,Zalo Ads,4781,104,239534,18,8
2026-03-12,Cần Thơ,Facebook Ads,8341,121,426863,16,2
2026-03-12,Cần Thơ,TikTok Ads,7030,139,350739,19,1
2026-03-12,Cần Thơ,Google Ads,4518,205,876837,42,20
2026-03-12,Cần Thơ,Zalo Ads,3325,85,163210,14,6
2026-03-13,TP.HCM,Facebook Ads,42723,602,2754297,63,20
2026-03-13,TP.HCM,TikTok Ads,36807,487,1767851,62,15
2026-03-13,TP.HCM,Google Ads,24046,884,5743203,113,42
2026-03-13,TP.HCM,Zalo Ads,17249,390,1222680,72,22
2026-03-13,Hà Nội,Facebook Ads,33852,485,1916720,65,15
2026-03-13,Hà Nội,TikTok Ads,28691,521,2006112,70,26
2026-03-13,Hà Nội,Google Ads,18615,748,4517069,188,94
2026-03-13,Hà Nội,Zalo Ads,13643,313,892992,40,17
2026-03-13,Đà Nẵng,Facebook Ads,12193,160,538622,16,6
2026-03-13,Đà Nẵng,TikTok Ads,10384,207,604113,22,8
2026-03-13,Đà Nẵng,Google Ads,6667,315,1462963,82,32
2026-03-13,Đà Nẵng,Zalo Ads,4890,85,210994,13,5
2026-03-13,Cần Thơ,Facebook Ads,8113,118,365288,17,7
2026-03-13,Cần Thơ,TikTok Ads,7038,109,272317,7,3
2026-03-13,Cần Thơ,Google Ads,4554,211,1109283,54,23
2026-03-13,Cần Thơ,Zalo Ads,3324,85,207895,24,7
2026-03-14,TP.HCM,Facebook Ads,38719,449,1831365,64,25
2026-03-14,TP.HCM,TikTok Ads,33168,653,2531586,87,30
2026-03-14,TP.HCM,Google Ads,21468,1014,5659503,199,65
2026-03-14,TP.HCM,Zalo Ads,15464,367,1064259,50,18
2026-03-14,Hà Nội,Facebook Ads,30365,416,1913114,64,24
2026-03-14,Hà Nội,TikTok Ads,25929,501,1795445,56,18
2026-03-14,Hà Nội,Google Ads,16741,659,4123271,159,83
2026-03-14,Hà Nội,Zalo Ads,12369,211,600387,38,15
2026-03-14,Đà Nẵng,Facebook Ads,11008,143,451442,15,8
2026-03-14,Đà Nẵng,TikTok Ads,9260,189,529229,24,6
2026-03-14,Đà Nẵng,Google Ads,6116,203,1153625,70,36
2026-03-14,Đà Nẵng,Zalo Ads,4257,100,260339,16,8
2026-03-14,Cần Thơ,Facebook Ads,7430,111,304263,19,7
2026-03-14,Cần Thơ,TikTok Ads,6183,143,432119,17,2
2026-03-14,Cần Thơ,Google Ads,4090,192,754205,35,16
2026-03-14,Cần Thơ,Zalo Ads,2939,72,156797,11,2
2026-03-15,TP.HCM,Facebook Ads,39107,545,2581696,74,22
2026-03-15,TP.HCM,TikTok Ads,33178,548,2246762,58,18
2026-03-15,TP.HCM,Google Ads,21382,784,4985759,196,83
2026-03-15,TP.HCM,Zalo Ads,15823,337,975079,56,26
2026-03-15,Hà Nội,Facebook Ads,30223,450,1786592,49,13
2026-03-15,Hà Nội,TikTok Ads,26032,451,1632921,42,17
2026-03-15,Hà Nội,Google Ads,16754,682,3852746,165,79
2026-03-15,Hà Nội,Zalo Ads,12243,211,596019,38,14
2026-03-15,Đà Nẵng,Facebook Ads,10972,129,408571,12,3
2026-03-15,Đà Nẵng,TikTok Ads,9200,191,470914,22,7
2026-03-15,Đà Nẵng,Google Ads,5973,258,1237673,58,30
2026-03-15,Đà Nẵng,Zalo Ads,4450,89,257034,18,7
2026-03-15,Cần Thơ,Facebook Ads,7362,111,361718,15,6
2026-03-15,Cần Thơ,TikTok Ads,6273,100,289296,12,1
2026-03-15,Cần Thơ,Google Ads,4071,183,879992,63,20
2026-03-15,Cần Thơ,Zalo Ads,2935,58,110537,9,3
2026-03-16,TP.HCM,Facebook Ads,43247,629,2430478,110,40
2026-03-16,TP.HCM,TikTok Ads,36950,746,2618360,66,18
2026-03-16,TP.HCM,Google Ads,23773,1089,7781742,237,92
2026-03-16,TP.HCM,Zalo Ads,17601,314,815091,60,22
2026-03-16,Hà Nội,Facebook Ads,33874,540,2341170,63,14
2026-03-16,Hà Nội,TikTok Ads,29154,489,1731122,51,7
2026-03-16,Hà Nội,Google Ads,18671,784,4829047,127,73
2026-03-16,Hà Nội,Zalo Ads,13352,305,829399,49,24
2026-03-16,Đà Nẵng,Facebook Ads,12223,117,373438,15,4
2026-03-16,Đà Nẵng,TikTok Ads,10510,230,731247,19,6
2026-03-16,Đà Nẵng,Google Ads,6701,290,1715067,54,20
2026-03-16,Đà Nẵng,Zalo Ads,4920,101,235694,17,8
2026-03-16,Cần Thơ,Facebook Ads,8312,162,513626,26,5
2026-03-16,Cần Thơ,TikTok Ads,6959,165,446306,24,3
2026-03-16,Cần Thơ,Google Ads,4598,206,1162010,49,17
2026-03-16,Cần Thơ,Zalo Ads,3269,97,202936,14,7
2026-03-17,TP.HCM,Facebook Ads,44002,534,2209848,80,25
2026-03-17,TP.HCM,TikTok Ads,37183,637,2423546,68,16
2026-03-17,TP.HCM,Google Ads,24068,934,6218026,233,126
2026-03-17,TP.HCM,Zalo Ads,17289,319,909232,58,19
2026-03-17,Hà Nội,Facebook Ads,33942,537,2278575,64,14
2026-03-17,Hà Nội,TikTok Ads,28714,474,1611349,53,17
2026-03-17,Hà Nội,Google Ads,18515,916,5373159,304,141
2026-03-17,Hà Nội,Zalo Ads,13850,263,818672,57,20
2026-03-17,Đà Nẵng,Facebook Ads,12288,188,656828,33,15
2026-03-17,Đà Nẵng,TikTok Ads,10433,181,496884,15,6
2026-03-17,Đà Nẵng,Google Ads,6743,367,1784279,88,44
2026-03-17,Đà Nẵng,Zalo Ads,4919,93,189436,10,3
2026-03-17,Cần Thơ,Facebook Ads,8256,117,345269,14,6
2026-03-17,Cần Thơ,TikTok Ads,7164,120,345665,17,2
2026-03-17,Cần Thơ,Google Ads,4574,147,676189,23,11
2026-03-17,Cần Thơ,Zalo Ads,3451,96,206046,13,1
2026-03-18,TP.HCM,Facebook Ads,43615,563,2580826,76,20
2026-03-18,TP.HCM,TikTok Ads,37188,864,3048584,75,9
2026-03-18,TP.HCM,Google Ads,23756,1093,6801565,290,154
2026-03-18,TP.HCM,Zalo Ads,17283,389,1094836,35,15
2026-03-18,Hà Nội,Facebook Ads,34005,430,1753291,64,29
2026-03-18,Hà Nội,TikTok Ads,28816,552,2095862,66,7
2026-03-18,Hà Nội,Google Ads,18703,712,4631086,154,88
2026-03-18,Hà Nội,Zalo Ads,13594,283,841988,36,17
2026-03-18,Đà Nẵng,Facebook Ads,12238,202,628881,35,11
2026-03-18,Đà Nẵng,TikTok Ads,10287,196,621444,19,5
2026-03-18,Đà Nẵng,Google Ads,6584,275,1153697,56,23
2026-03-18,Đà Nẵng,Zalo Ads,4843,89,222739,12,3
2026-03-18,Cần Thơ,Facebook Ads,8321,93,277611,20,6
2026-03-18,Cần Thơ,TikTok Ads,7024,113,280505,12,2
2026-03-18,Cần Thơ,Google Ads,4608,205,919939,58,15
2026-03-18,Cần Thơ,Zalo Ads,3289,64,127147,7,2
2026-03-19,TP.HCM,Facebook Ads,43805,616,2558392,114,45
2026-03-19,TP.HCM,TikTok Ads,37279,717,2662313,73,19
2026-03-19,TP.HCM,Google Ads,24223,1308,8731218,418,211
2026-03-19,TP.HCM,Zalo Ads,17560,391,1172873,73,29
2026-03-19,Hà Nội,Facebook Ads,34202,481,2294381,75,23
2026-03-19,Hà Nội,TikTok Ads,29321,563,1782696,58,12
2026-03-19,Hà Nội,Google Ads,18945,853,5689343,217,114
2026-03-19,Hà Nội,Zalo Ads,13617,292,817992,57,18
2026-03-19,Đà Nẵng,Facebook Ads,12371,168,658732,21,6
2026-03-19,Đà Nẵng,TikTok Ads,10538,196,561465,18,0
2026-03-19,Đà Nẵng,Google Ads,6654,233,1036159,45,20
2026-03-19,Đà Nẵng,Zalo Ads,4865,77,175913,7,3
2026-03-19,Cần Thơ,Facebook Ads,8311,107,375759,13,6
2026-03-19,Cần Thơ,TikTok Ads,6995,138,424158,17,3
2026-03-19,Cần Thơ,Google Ads,4520,198,938488,38,19
2026-03-19,Cần Thơ,Zalo Ads,3287,88,200136,19,6
2026-03-20,TP.HCM,Facebook Ads,44153,720,3063971,140,36
2026-03-20,TP.HCM,TikTok Ads,37283,861,2805284,119,38
2026-03-20,TP.HCM,Google Ads,24394,1162,7664546,232,102
2026-03-20,TP.HCM,Zalo Ads,17722,314,932961,57,21
2026-03-20,Hà Nội,Facebook Ads,34415,517,2215744,65,25
2026-03-20,Hà Nội,TikTok Ads,29051,585,2060631,59,21
2026-03-20,Hà Nội,Google Ads,18790,637,3946657,138,82
2026-03-20,Hà Nội,Zalo Ads,14031,392,1107614,53,15
2026-03-20,Đà Nẵng,Facebook Ads,12329,170,540997,17,4
2026-03-20,Đà Nẵng,TikTok Ads,10512,206,605328,23,5
2026-03-20,Đà Nẵng,Google Ads,6815,279,1345161,67,29
2026-03-20,Đà Nẵng,Zalo Ads,4949,150,379080,23,10
2026-03-20,Cần Thơ,Facebook Ads,8294,131,372480,17,5
2026-03-20,Cần Thơ,TikTok Ads,7044,114,323100,16,4
2026-03-20,Cần Thơ,Google Ads,4563,182,712563,50,32
2026-03-20,Cần Thơ,Zalo Ads,3379,79,184779,12,4
2026-03-21,TP.HCM,Facebook Ads,39416,510,1821697,73,20
2026-03-21,TP.HCM,TikTok Ads,33892,617,2154938,56,16
2026-03-21,TP.HCM,Google Ads,21769,871,5701052,181,79
2026-03-21,TP.HCM,Zalo Ads,15876,373,1007992,54,18
2026-03-21,Hà Nội,Facebook Ads,31010,459,1815082,48,7
2026-03-21,Hà Nội,TikTok Ads,26510,481,1547357,89,21
2026-03-21,Hà Nội,Google Ads,16845,670,4247789,115,48
2026-03-21,Hà Nội,Zalo Ads,12177,235,651883,38,9
2026-03-21,Đà Nẵng,Facebook Ads,11095,212,766436,38,9
2026-03-21,Đà Nẵng,TikTok Ads,9393,150,525022,12,1
2026-03-21,Đà Nẵng,Google Ads,6020,233,1141322,40,25
2026-03-21,Đà Nẵng,Zalo Ads,4486,84,202698,17,6
2026-03-21,Cần Thơ,Facebook Ads,7671,118,406359,19,7
2026-03-21,Cần Thơ,TikTok Ads,6467,123,321721,15,4
2026-03-21,Cần Thơ,Google Ads,4153,211,961339,50,15
2026-03-21,Cần Thơ,Zalo Ads,3064,83,196280,9,4
2026-03-22,TP.HCM,Facebook Ads,39794,508,2404758,63,26
2026-03-22,TP.HCM,TikTok Ads,33993,658,2798567,67,18
2026-03-22,TP.HCM,Google Ads,21779,936,6099526,203,91
2026-03-22,TP.HCM,Zalo Ads,15813,283,808272,54,13
2026-03-22,Hà Nội,Facebook Ads,31008,367,1470891,55,11
2026-03-22,Hà Nội,TikTok Ads,26446,517,1934433,57,10
2026-03-22,Hà Nội,Google Ads,17035,689,4221163,164,64
2026-03-22,Hà Nội,Zalo Ads,12503,349,971236,59,21
2026-03-22,Đà Nẵng,Facebook Ads,11234,144,516642,16,5
2026-03-22,Đà Nẵng,TikTok Ads,9466,187,521724,17,6
2026-03-22,Đà Nẵng,Google Ads,6182,285,1333154,69,25
2026-03-22,Đà Nẵng,Zalo Ads,4487,85,197340,12,6
2026-03-22,Cần Thơ,Facebook Ads,7578,97,295349,20,4
2026-03-22,Cần Thơ,TikTok Ads,6393,129,353995,16,0
2026-03-22,Cần Thơ,Google Ads,4092,151,743194,42,21
2026-03-22,Cần Thơ,Zalo Ads,3099,59,137840,19,8
2026-03-23,TP.HCM,Facebook Ads,44535,616,2544791,99,38
2026-03-23,TP.HCM,TikTok Ads,37409,705,2742743,78,16
2026-03-23,TP.HCM,Google Ads,24325,1066,7123218,338,166
2026-03-23,TP.HCM,Zalo Ads,17979,405,1200834,93,43
2026-03-23,Hà Nội,Facebook Ads,34559,389,1672995,63,17
2026-03-23,Hà Nội,TikTok Ads,29546,552,2033591,57,14
2026-03-23,Hà Nội,Google Ads,19177,844,5097815,182,106
2026-03-23,Hà Nội,Zalo Ads,13842,285,804186,42,8
2026-03-23,Đà Nẵng,Facebook Ads,12403,147,538395,16,7
2026-03-23,Đà Nẵng,TikTok Ads,10440,186,494459,28,9
2026-03-23,Đà Nẵng,Google Ads,6896,274,1292289,56,26
2026-03-23,Đà Nẵng,Zalo Ads,4803,103,248958,7,2
2026-03-23,Cần Thơ,Facebook Ads,8317,167,463478,21,5
2026-03-23,Cần Thơ,TikTok Ads,7280,119,341268,6,3
2026-03-23,Cần Thơ,Google Ads,4737,223,1005501,47,23
2026-03-23,Cần Thơ,Zalo Ads,3352,71,148103,6,2
2026-03-24,TP.HCM,Facebook Ads,44465,506,2483721,101,37
2026-03-24,TP.HCM,TikTok Ads,37964,755,2704870,78,23
2026-03-24,TP.HCM,Google Ads,24404,1002,5997668,182,71
2026-03-24,TP.HCM,Zalo Ads,17680,421,1383867,73,23
2026-03-24,Hà Nội,Facebook Ads,34303,495,2184269,57,23
2026-03-24,Hà Nội,TikTok Ads,29329,484,1769204,65,23
2026-03-24,Hà Nội,Google Ads,19034,887,5058492,193,86
2026-03-24,Hà Nội,Zalo Ads,13933,237,799541,33,13
2026-03-24,Đà Nẵng,Facebook Ads,12512,171,584195,22,4
2026-03-24,Đà Nẵng,TikTok Ads,10668,208,612762,31,10
2026-03-24,Đà Nẵng,Google Ads,6835,308,1786033,62,37
2026-03-24,Đà Nẵng,Zalo Ads,4898,132,295146,20,3
2026-03-24,Cần Thơ,Facebook Ads,8378,105,333745,18,4
2026-03-24,Cần Thơ,TikTok Ads,7336,125,365131,9,1
2026-03-24,Cần Thơ,Google Ads,4627,164,885813,45,7
2026-03-24,Cần Thơ,Zalo Ads,3368,78,142320,13,3
2026-03-25,TP.HCM,Facebook Ads,44429,588,2448448,70,27
2026-03-25,TP.HCM,TikTok Ads,37717,686,2580410,70,6
2026-03-25,TP.HCM,Google Ads,24189,843,6049105,200,105
2026-03-25,TP.HCM,Zalo Ads,17882,398,1296651,68,21
2026-03-25,Hà Nội,Facebook Ads,34386,435,1918421,55,19
2026-03-25,Hà Nội,TikTok Ads,29533,561,2001955,50,10
2026-03-25,Hà Nội,Google Ads,19123,762,3733852,148,71
2026-03-25,Hà Nội,Zalo Ads,13979,322,803048,40,14
2026-03-25,Đà Nẵng,Facebook Ads,12449,151,488256,25,11
2026-03-25,Đà Nẵng,TikTok Ads,10588,184,576642,23,1
2026-03-25,Đà Nẵng,Google Ads,6837,277,1351578,64,29
2026-03-25,Đà Nẵng,Zalo Ads,5020,103,249205,15,6
2026-03-25,Cần Thơ,Facebook Ads,8523,99,281152,10,3
2026-03-25,Cần Thơ,TikTok Ads,7202,123,357112,11,3
2026-03-25,Cần Thơ,Google Ads,4658,203,892911,47,22
2026-03-25,Cần Thơ,Zalo Ads,3352,75,151609,11,4
2026-03-26,TP.HCM,Facebook Ads,44519,663,2838502,130,45
2026-03-26,TP.HCM,TikTok Ads,37898,696,2249736,80,17
2026-03-26,TP.HCM,Google Ads,24558,1085,7074492,345,192
2026-03-26,TP.HCM,Zalo Ads,17987,453,1527711,76,27
2026-03-26,Hà Nội,Facebook Ads,34777,467,1996519,65,26
2026-03-26,Hà Nội,TikTok Ads,29469,656,2313363,60,11
2026-03-26,Hà Nội,Google Ads,19120,711,4367095,165,68
2026-03-26,Hà Nội,Zalo Ads,13652,352,959099,50,19
2026-03-26,Đà Nẵng,Facebook Ads,12389,153,579094,19,4
2026-03-26,Đà Nẵng,TikTok Ads,10527,233,627046,19,7
2026-03-26,Đà Nẵng,Google Ads,6885,306,1469715,70,32
2026-03-26,Đà Nẵng,Zalo Ads,5020,109,228136,16,3
2026-03-26,Cần Thơ,Facebook Ads,8370,106,324937,12,3
2026-03-26,Cần Thơ,TikTok Ads,7272,174,498197,17,3
2026-03-26,Cần Thơ,Google Ads,4660,213,815184,50,13
2026-03-26,Cần Thơ,Zalo Ads,3457,73,162883,12,3
2026-03-27,TP.HCM,Facebook Ads,44437,581,2737241,88,28
2026-03-27,TP.HCM,TikTok Ads,37851,784,2693735,98,22
2026-03-27,TP.HCM,Google Ads,24632,1078,7488032,212,104
2026-03-27,TP.HCM,Zalo Ads,17816,365,1110676,55,24
2026-03-27,Hà Nội,Facebook Ads,34738,464,1553194,55,19
2026-03-27,Hà Nội,TikTok Ads,29808,589,1998706,97,27
2026-03-27,Hà Nội,Google Ads,19283,827,4983362,189,60
2026-03-27,Hà Nội,Zalo Ads,13817,271,794877,38,12
2026-03-27,Đà Nẵng,Facebook Ads,12452,158,532189,20,6
2026-03-27,Đà Nẵng,TikTok Ads,10431,235,630407,26,6
2026-03-27,Đà Nẵng,Google Ads,6917,206,945091,40,24
2026-03-27,Đà Nẵng,Zalo Ads,5010,99,248171,7,4
2026-03-27,Cần Thơ,Facebook Ads,8509,97,311870,17,8
2026-03-27,Cần Thơ,TikTok Ads,7227,147,375809,10,1
2026-03-27,Cần Thơ,Google Ads,4546,177,880566,25,8
2026-03-27,Cần Thơ,Zalo Ads,3309,60,145609,3,0
2026-03-28,TP.HCM,Facebook Ads,40500,579,2532091,90,32
2026-03-28,TP.HCM,TikTok Ads,34157,557,1976973,85,19
2026-03-28,TP.HCM,Google Ads,22314,941,5923754,206,113
2026-03-28,TP.HCM,Zalo Ads,15835,307,869360,50,24
2026-03-28,Hà Nội,Facebook Ads,31256,424,1765457,41,10
2026-03-28,Hà Nội,TikTok Ads,26776,586,2048912,66,21
2026-03-28,Hà Nội,Google Ads,17382,699,4426499,135,60
2026-03-28,Hà Nội,Zalo Ads,12543,295,901192,49,21
2026-03-28,Đà Nẵng,Facebook Ads,11268,145,512639,25,6
2026-03-28,Đà Nẵng,TikTok Ads,9548,224,698200,20,4
2026-03-28,Đà Nẵng,Google Ads,6337,217,1041030,65,31
2026-03-28,Đà Nẵng,Zalo Ads,4670,123,291416,30,13
2026-03-28,Cần Thơ,Facebook Ads,7594,134,381669,17,6
2026-03-28,Cần Thơ,TikTok Ads,6377,122,269271,14,3
2026-03-28,Cần Thơ,Google Ads,4248,159,723299,39,17
2026-03-28,Cần Thơ,Zalo Ads,3120,78,187424,9,1
2026-03-29,TP.HCM,Facebook Ads,40317,622,2835292,112,36
2026-03-29,TP.HCM,TikTok Ads,34129,748,2756795,105,29
2026-03-29,TP.HCM,Google Ads,22066,900,5368546,223,114
2026-03-29,TP.HCM,Zalo Ads,16168,321,1055537,56,22
2026-03-29,Hà Nội,Facebook Ads,31446,424,1790059,78,32
2026-03-29,Hà Nội,TikTok Ads,26694,491,1841115,38,8
2026-03-29,Hà Nội,Google Ads,17450,673,4606237,185,99
2026-03-29,Hà Nội,Zalo Ads,12583,315,977931,26,13
2026-03-29,Đà Nẵng,Facebook Ads,11394,190,587117,31,12
2026-03-29,Đà Nẵng,TikTok Ads,9650,214,667979,21,4
2026-03-29,Đà Nẵng,Google Ads,6183,218,951493,68,23
2026-03-29,Đà Nẵng,Zalo Ads,4459,93,191895,12,6
2026-03-29,Cần Thơ,Facebook Ads,7780,128,379573,31,7
2026-03-29,Cần Thơ,TikTok Ads,6523,139,372347,14,3
2026-03-29,Cần Thơ,Google Ads,4236,162,736409,38,14
2026-03-29,Cần Thơ,Zalo Ads,3105,59,130593,11,5
2026-03-30,TP.HCM,Facebook Ads,44596,563,2424808,72,22
2026-03-30,TP.HCM,TikTok Ads,38202,664,2282820,60,19
2026-03-30,TP.HCM,Google Ads,24691,1219,7627925,282,141
2026-03-30,TP.HCM,Zalo Ads,17872,411,1267804,58,20
2026-03-30,Hà Nội,Facebook Ads,34959,511,1947670,73,23
2026-03-30,Hà Nội,TikTok Ads,29873,552,1918602,54,16
2026-03-30,Hà Nội,Google Ads,19408,985,6659407,179,57
2026-03-30,Hà Nội,Zalo Ads,14138,266,782199,40,9
2026-03-30,Đà Nẵng,Facebook Ads,12758,154,545085,21,7
2026-03-30,Đà Nẵng,TikTok Ads,10862,256,762083,31,9
2026-03-30,Đà Nẵng,Google Ads,7053,298,1695615,72,38
2026-03-30,Đà Nẵng,Zalo Ads,5062,127,329640,24,10
2026-03-30,Cần Thơ,Facebook Ads,8526,86,302303,10,2
2026-03-30,Cần Thơ,TikTok Ads,7278,147,368005,16,6
2026-03-30,Cần Thơ,Google Ads,4695,181,834618,43,21
2026-03-30,Cần Thơ,Zalo Ads,3466,85,188350,8,3
2026-03-31,TP.HCM,Facebook Ads,45112,668,2842046,84,31
2026-03-31,TP.HCM,TikTok Ads,38184,736,3123203,72,13
2026-03-31,TP.HCM,Google Ads,24792,1030,7100553,258,122
2026-03-31,TP.HCM,Zalo Ads,18070,425,1284129,68,13
2026-03-31,Hà Nội,Facebook Ads,34995,454,1988987,46,15
2026-03-31,Hà Nội,TikTok Ads,29804,567,1889007,55,22
2026-03-31,Hà Nội,Google Ads,19382,673,3117940,229,137
2026-03-31,Hà Nội,Zalo Ads,14182,319,951165,44,17
2026-03-31,Đà Nẵng,Facebook Ads,12733,141,479822,23,4
2026-03-31,Đà Nẵng,TikTok Ads,10840,182,477879,18,4
2026-03-31,Đà Nẵng,Google Ads,6879,276,1529258,69,28
2026-03-31,Đà Nẵng,Zalo Ads,5024,125,281759,22,5
2026-03-31,Cần Thơ,Facebook Ads,8614,114,385814,16,4
2026-03-31,Cần Thơ,TikTok Ads,7313,132,292177,14,3
2026-03-31,Cần Thơ,Google Ads,4635,190,966768,57,32
2026-03-31,Cần Thơ,Zalo Ads,3425,75,177912,12,7
2026-04-01,TP.HCM,Facebook Ads,45420,627,2685196,98,19
2026-04-01,TP.HCM,TikTok Ads,38197,778,2790903,70,18
2026-04-01,TP.HCM,Google Ads,24643,984,7217870,272,145
2026-04-01,TP.HCM,Zalo Ads,18091,399,1197376,60,19
2026-04-01,Hà Nội,Facebook Ads,35295,501,2049379,67,15
2026-04-01,Hà Nội,TikTok Ads,29860,631,2306562,70,12
2026-04-01,Hà Nội,Google Ads,19157,873,4664573,226,146
2026-04-01,Hà Nội,Zalo Ads,14115,337,862296,63,24
2026-04-01,Đà Nẵng,Facebook Ads,12614,161,625323,28,6
2026-04-01,Đà Nẵng,TikTok Ads,10888,194,489086,17,4
2026-04-01,Đà Nẵng,Google Ads,6845,259,1247828,40,11
2026-04-01,Đà Nẵng,Zalo Ads,4952,85,146111,17,4
2026-04-01,Cần Thơ,Facebook Ads,8568,126,373747,16,4
2026-04-01,Cần Thơ,TikTok Ads,7424,121,348126,10,2
2026-04-01,Cần Thơ,Google Ads,4709,206,1016534,46,22
2026-04-01,Cần Thơ,Zalo Ads,3393,74,177036,6,3
2026-04-02,TP.HCM,Facebook Ads,45052,765,3487506,113,40
2026-04-02,TP.HCM,TikTok Ads,38736,791,3041286,95,17
2026-04-02,TP.HCM,Google Ads,24947,1011,6105799,297,99
2026-04-02,TP.HCM,Zalo Ads,18064,439,1249997,76,21
2026-04-02,Hà Nội,Facebook Ads,35037,446,1820270,64,27
2026-04-02,Hà Nội,TikTok Ads,30113,633,2193442,82,11
2026-04-02,Hà Nội,Google Ads,19315,728,4739440,177,81
2026-04-02,Hà Nội,Zalo Ads,13939,325,788581,46,17
2026-04-02,Đà Nẵng,Facebook Ads,12580,152,465316,26,12
2026-04-02,Đà Nẵng,TikTok Ads,10664,213,617397,24,7
2026-04-02,Đà Nẵng,Google Ads,6908,339,1660959,57,23
2026-04-02,Đà Nẵng,Zalo Ads,5068,120,271286,27,13
2026-04-02,Cần Thơ,Facebook Ads,8595,134,423822,21,6
2026-04-02,Cần Thơ,TikTok Ads,7317,134,335961,15,6
2026-04-02,Cần Thơ,Google Ads,4706,221,1039868,50,26
2026-04-02,Cần Thơ,Zalo Ads,3407,53,117356,13,3
2026-04-03,TP.HCM,Facebook Ads,45141,651,2813890,87,19
2026-04-03,TP.HCM,TikTok Ads,38417,663,2652914,62,18
2026-04-03,TP.HCM,Google Ads,24945,938,5553139,201,87
2026-04-03,TP.HCM,Zalo Ads,17975,440,1349777,62,22
2026-04-03,Hà Nội,Facebook Ads,35316,523,2595056,87,22
2026-04-03,Hà Nội,TikTok Ads,30199,510,1808707,57,12
2026-04-03,Hà Nội,Google Ads,19568,998,5664997,253,166
2026-04-03,Hà Nội,Zalo Ads,14142,368,982061,80,31
2026-04-03,Đà Nẵng,Facebook Ads,12633,176,610731,24,6
2026-04-03,Đà Nẵng,TikTok Ads,10980,214,572246,21,3
2026-04-03,Đà Nẵng,Google Ads,6906,295,1410197,78,41
2026-04-03,Đà Nẵng,Zalo Ads,5044,109,293861,9,3
2026-04-03,Cần Thơ,Facebook Ads,8503,107,356132,19,5
2026-04-03,Cần Thơ,TikTok Ads,7390,164,423546,18,2
2026-04-03,Cần Thơ,Google Ads,4837,203,872789,62,27
2026-04-03,Cần Thơ,Zalo Ads,3390,59,97592,8,3
2026-04-04,TP.HCM,Facebook Ads,40872,522,2248963,98,31
2026-04-04,TP.HCM,TikTok Ads,34655,622,2294254,85,21
2026-04-04,TP.HCM,Google Ads,22676,963,6316230,227,125
2026-04-04,TP.HCM,Zalo Ads,16559,403,1327124,81,21
2026-04-04,Hà Nội,Facebook Ads,31865,324,1333101,37,15
2026-04-04,Hà Nội,TikTok Ads,27305,474,1429104,42,12
2026-04-04,Hà Nội,Google Ads,17502,847,4971736,197,103
2026-04-04,Hà Nội,Zalo Ads,12731,299,921804,42,14
2026-04-04,Đà Nẵng,Facebook Ads,11540,171,525495,24,4
2026-04-04,Đà Nẵng,TikTok Ads,9634,185,481387,18,2
2026-04-04,Đà Nẵng,Google Ads,6291,233,992658,65,17
2026-04-04,Đà Nẵng,Zalo Ads,4606,101,226713,11,3
2026-04-04,Cần Thơ,Facebook Ads,7789,95,302757,12,5
2026-04-04,Cần Thơ,TikTok Ads,6729,142,364043,13,5
2026-04-04,Cần Thơ,Google Ads,4276,168,853857,29,14
2026-04-04,Cần Thơ,Zalo Ads,3089,69,160854,11,6
2026-04-05,TP.HCM,Facebook Ads,41213,602,2609794,99,24
2026-04-05,TP.HCM,TikTok Ads,34846,539,1939138,77,17
2026-04-05,TP.HCM,Google Ads,22484,886,5743968,157,80
2026-04-05,TP.HCM,Zalo Ads,16442,414,1448326,36,10
2026-04-05,Hà Nội,Facebook Ads,31642,422,2019605,54,13
2026-04-05,Hà Nội,TikTok Ads,27157,485,1808929,48,16
2026-04-05,Hà Nội,Google Ads,17391,669,3981450,151,82
2026-04-05,Hà Nội,Zalo Ads,12713,258,818367,62,24
2026-04-05,Đà Nẵng,Facebook Ads,11534,173,615843,22,7
2026-04-05,Đà Nẵng,TikTok Ads,9988,174,527657,24,12
2026-04-05,Đà Nẵng,Google Ads,6292,299,1465854,79,33
2026-04-05,Đà Nẵng,Zalo Ads,4709,84,212001,14,9
2026-04-05,Cần Thơ,Facebook Ads,7816,111,359534,18,8
2026-04-05,Cần Thơ,TikTok Ads,6747,142,344284,17,3
2026-04-05,Cần Thơ,Google Ads,4395,179,880564,33,19
2026-04-05,Cần Thơ,Zalo Ads,3167,101,220622,14,6
2026-04-06,TP.HCM,Facebook Ads,45574,595,2644928,86,34
2026-04-06,TP.HCM,TikTok Ads,38871,890,3542254,51,6
2026-04-06,TP.HCM,Google Ads,25091,1091,5529008,317,123
2026-04-06,TP.HCM,Zalo Ads,18330,408,1409973,67,35
2026-04-06,Hà Nội,Facebook Ads,36002,446,1668705,81,23
2026-04-06,Hà Nội,TikTok Ads,30245,559,1934651,77,17
2026-04-06,Hà Nội,Google Ads,19333,890,4931516,211,104
2026-04-06,Hà Nội,Zalo Ads,14098,337,891896,58,23
2026-04-06,Đà Nẵng,Facebook Ads,12825,155,468645,24,6
2026-04-06,Đà Nẵng,TikTok Ads,10804,182,533722,14,6
2026-04-06,Đà Nẵng,Google Ads,7061,261,1078885,64,30
2026-04-06,Đà Nẵng,Zalo Ads,5082,137,314732,21,9
2026-04-06,Cần Thơ,Facebook Ads,8569,136,499551,15,5
2026-04-06,Cần Thơ,TikTok Ads,7343,173,534523,14,5
2026-04-06,Cần Thơ,Google Ads,4710,168,715961,35,15
2026-04-06,Cần Thơ,Zalo Ads,3482,83,191555,15,4
2026-04-07,TP.HCM,Facebook Ads,45783,485,2093552,51,13
2026-04-07,TP.HCM,TikTok Ads,38978,700,2598224,101,30
2026-04-07,TP.HCM,Google Ads,25033,1008,5943733,235,91
2026-04-07,TP.HCM,Zalo Ads,18208,363,1140196,66,34
2026-04-07,Hà Nội,Facebook Ads,35559,611,2558957,114,26
2026-04-07,Hà Nội,TikTok Ads,30398,478,1789723,53,10
2026-04-07,Hà Nội,Google Ads,19709,633,3528090,144,79
2026-04-07,Hà Nội,Zalo Ads,14143,347,1076634,67,33
2026-04-07,Đà Nẵng,Facebook Ads,12892,164,578403,23,7
2026-04-07,Đà Nẵng,TikTok Ads,10715,210,582042,23,3
2026-04-07,Đà Nẵng,Google Ads,7047,247,1196214,67,35
2026-04-07,Đà Nẵng,Zalo Ads,5067,124,296646,20,10
2026-04-07,Cần Thơ,Facebook Ads,8718,114,374013,13,2
2026-04-07,Cần Thơ,TikTok Ads,7164,172,463107,16,5
2026-04-07,Cần Thơ,Google Ads,4784,209,1061331,55,22
2026-04-07,Cần Thơ,Zalo Ads,3544,64,152712,10,6
2026-04-08,TP.HCM,Facebook Ads,45500,703,3007972,91,28
2026-04-08,TP.HCM,TikTok Ads,39275,708,2627985,87,21
2026-04-08,TP.HCM,Google Ads,25292,1119,7397327,285,166
2026-04-08,TP.HCM,Zalo Ads,18240,277,752613,36,8
2026-04-08,Hà Nội,Facebook Ads,35515,567,2442658,79,25
2026-04-08,Hà Nội,TikTok Ads,30353,566,1844996,51,12
2026-04-08,Hà Nội,Google Ads,20031,640,4383906,142,60
2026-04-08,Hà Nội,Zalo Ads,14322,334,960191,52,11
2026-04-08,Đà Nẵng,Facebook Ads,12731,119,376009,21,3
2026-04-08,Đà Nẵng,TikTok Ads,10930,208,462730,23,7
2026-04-08,Đà Nẵng,Google Ads,7097,272,1326391,81,52
2026-04-08,Đà Nẵng,Zalo Ads,5072,124,304507,10,1
2026-04-08,Cần Thơ,Facebook Ads,8680,126,414668,14,8
2026-04-08,Cần Thơ,TikTok Ads,7429,134,363076,16,3
2026-04-08,Cần Thơ,Google Ads,4836,203,947638,46,15
2026-04-08,Cần Thơ,Zalo Ads,3572,76,166527,14,1
2026-04-09,TP.HCM,Facebook Ads,45946,415,1717143,52,12
2026-04-09,TP.HCM,TikTok Ads,39050,600,2067969,59,18
2026-04-09,TP.HCM,Google Ads,25432,985,6025927,265,145
2026-04-09,TP.HCM,Zalo Ads,18619,356,1080072,70,22
2026-04-09,Hà Nội,Facebook Ads,35941,501,2006602,71,20
2026-04-09,Hà Nội,TikTok Ads,30620,501,1871218,53,20
2026-04-09,Hà Nội,Google Ads,19809,821,5410834,181,83
2026-04-09,Hà Nội,Zalo Ads,14555,224,628034,26,10
2026-04-09,Đà Nẵng,Facebook Ads,12845,171,489275,20,3
2026-04-09,Đà Nẵng,TikTok Ads,10978,218,671991,19,3
2026-04-09,Đà Nẵng,Google Ads,7129,322,1556540,83,34
2026-04-09,Đà Nẵng,Zalo Ads,5004,163,374778,18,6
2026-04-09,Cần Thơ,Facebook Ads,8700,120,404785,17,5
2026-04-09,Cần Thơ,TikTok Ads,7521,149,420206,21,3
2026-04-09,Cần Thơ,Google Ads,4917,209,1046749,30,17
2026-04-09,Cần Thơ,Zalo Ads,3454,65,143384,14,3
2026-04-10,TP.HCM,Facebook Ads,45781,692,3439809,87,21
2026-04-10,TP.HCM,TikTok Ads,39441,569,2014943,64,14
2026-04-10,TP.HCM,Google Ads,25218,868,5913506,182,76
2026-04-10,TP.HCM,Zalo Ads,18533,418,1223471,80,25
2026-04-10,Hà Nội,Facebook Ads,35808,492,1857306,56,11
2026-04-10,Hà Nội,TikTok Ads,30459,355,1243611,41,10
2026-04-10,Hà Nội,Google Ads,19701,890,5266138,227,125
2026-04-10,Hà Nội,Zalo Ads,14480,285,1006159,35,13
2026-04-10,Đà Nẵng,Facebook Ads,12584,157,464422,27,13
2026-04-10,Đà Nẵng,TikTok Ads,10908,169,527773,14,4
2026-04-10,Đà Nẵng,Google Ads,7113,202,980972,50,19
2026-04-10,Đà Nẵng,Zalo Ads,5192,132,344745,25,12
2026-04-10,Cần Thơ,Facebook Ads,8650,71,224635,17,5
2026-04-10,Cần Thơ,TikTok Ads,7424,137,410463,6,1
2026-04-10,Cần Thơ,Google Ads,4832,226,1162250,55,21
2026-04-10,Cần Thơ,Zalo Ads,3539,53,114010,13,5
2026-04-11,TP.HCM,Facebook Ads,41898,554,2414570,112,32
2026-04-11,TP.HCM,TikTok Ads,35375,843,3177058,84,24
2026-04-11,TP.HCM,Google Ads,22862,862,6003695,162,81
2026-04-11,TP.HCM,Zalo Ads,16584,284,774694,54,23
2026-04-11,Hà Nội,Facebook Ads,32480,401,1549856,71,29
2026-04-11,Hà Nội,TikTok Ads,27691,526,2006673,55,16
2026-04-11,Hà Nội,Google Ads,17886,781,3976113,189,101
2026-04-11,Hà Nội,Zalo Ads,13111,297,744860,47,21
2026-04-11,Đà Nẵng,Facebook Ads,11716,152,463069,23,7
2026-04-11,Đà Nẵng,TikTok Ads,9789,154,427304,15,8
2026-04-11,Đà Nẵng,Google Ads,6405,344,1638794,57,30
2026-04-11,Đà Nẵng,Zalo Ads,4799,123,308186,29,12
2026-04-11,Cần Thơ,Facebook Ads,7750,88,216385,8,4
2026-04-11,Cần Thơ,TikTok Ads,6744,107,353209,17,3
2026-04-11,Cần Thơ,Google Ads,4329,183,1013406,42,18
2026-04-11,Cần Thơ,Zalo Ads,3153,73,172652,14,3
2026-04-12,TP.HCM,Facebook Ads,41556,661,2884094,110,36
2026-04-12,TP.HCM,TikTok Ads,35364,728,2693153,85,29
2026-04-12,TP.HCM,Google Ads,22977,836,5438630,182,80
2026-04-12,TP.HCM,Zalo Ads,16727,358,1102136,59,13
2026-04-12,Hà Nội,Facebook Ads,32577,359,1516803,47,19
2026-04-12,Hà Nội,TikTok Ads,27609,455,1708210,47,17
2026-04-12,Hà Nội,Google Ads,17951,621,3693466,135,67
2026-04-12,Hà Nội,Zalo Ads,12967,324,941136,64,24
2026-04-12,Đà Nẵng,Facebook Ads,11737,142,444467,18,9
2026-04-12,Đà Nẵng,TikTok Ads,9974,192,587785,13,5
2026-04-12,Đà Nẵng,Google Ads,6366,280,1261189,52,27
2026-04-12,Đà Nẵng,Zalo Ads,4784,173,358118,27,3
2026-04-12,Cần Thơ,Facebook Ads,7883,103,331154,13,4
2026-04-12,Cần Thơ,TikTok Ads,6691,111,317323,9,0
2026-04-12,Cần Thơ,Google Ads,4366,178,947076,47,18
2026-04-12,Cần Thơ,Zalo Ads,3119,57,143871,10,3
2026-04-13,TP.HCM,Facebook Ads,46676,636,2901973,94,27
2026-04-13,TP.HCM,TikTok Ads,39198,753,3076500,61,9
2026-04-13,TP.HCM,Google Ads,25507,950,6324506,189,89
2026-04-13,TP.HCM,Zalo Ads,18379,413,1385894,61,18
2026-04-13,Hà Nội,Facebook Ads,36245,545,2286614,78,27
2026-04-13,Hà Nội,TikTok Ads,30886,592,1888466,81,20
2026-04-13,Hà Nội,Google Ads,20084,730,4359167,208,86
2026-04-13,Hà Nội,Zalo Ads,14540,307,892831,58,17
2026-04-13,Đà Nẵng,Facebook Ads,13147,156,488780,13,8
2026-04-13,Đà Nẵng,TikTok Ads,10952,238,697242,32,8
2026-04-13,Đà Nẵng,Google Ads,7125,304,1485562,74,45
2026-04-13,Đà Nẵng,Zalo Ads,5191,98,237613,19,10
2026-04-13,Cần Thơ,Facebook Ads,8639,92,310275,14,2
2026-04-13,Cần Thơ,TikTok Ads,7644,127,331144,18,5
2026-04-13,Cần Thơ,Google Ads,4939,186,895558,65,30
2026-04-13,Cần Thơ,Zalo Ads,3506,74,173925,13,5
2026-04-14,TP.HCM,Facebook Ads,45963,644,3252417,115,40
2026-04-14,TP.HCM,TikTok Ads,39565,709,2455986,69,22
2026-04-14,TP.HCM,Google Ads,25505,1222,9010358,275,138
2026-04-14,TP.HCM,Zalo Ads,18930,383,1131771,72,30
2026-04-14,Hà Nội,Facebook Ads,36229,577,2470050,100,31
2026-04-14,Hà Nội,TikTok Ads,30463,523,1996149,56,17
2026-04-14,Hà Nội,Google Ads,19704,805,4679918,135,73
2026-04-14,Hà Nội,Zalo Ads,14711,378,1084725,58,20
2026-04-14,Đà Nẵng,Facebook Ads,13044,187,634493,20,9
2026-04-14,Đà Nẵng,TikTok Ads,11023,239,811288,25,12
2026-04-14,Đà Nẵng,Google Ads,7318,313,1389153,66,23
2026-04-14,Đà Nẵng,Zalo Ads,5118,113,226034,23,4
2026-04-14,Cần Thơ,Facebook Ads,8926,134,484850,12,3
2026-04-14,Cần Thơ,TikTok Ads,7414,146,387988,17,5
2026-04-14,Cần Thơ,Google Ads,4773,174,832122,42,16
2026-04-14,Cần Thơ,Zalo Ads,3412,78,140162,12,9
2026-04-15,TP.HCM,Facebook Ads,46560,585,2546992,119,42
2026-04-15,TP.HCM,TikTok Ads,39730,676,2697196,77,16
2026-04-15,TP.HCM,Google Ads,25607,1211,8295296,268,130
2026-04-15,TP.HCM,Zalo Ads,18455,394,1119385,52,26
2026-04-15,Hà Nội,Facebook Ads,36242,597,2315974,57,22
2026-04-15,Hà Nội,TikTok Ads,30957,568,1969867,67,21
2026-04-15,Hà Nội,Google Ads,20032,893,5362712,181,101
2026-04-15,Hà Nội,Zalo Ads,14829,340,959275,62,16
2026-04-15,Đà Nẵng,Facebook Ads,12925,183,722196,34,9
2026-04-15,Đà Nẵng,TikTok Ads,10969,181,589383,17,3
2026-04-15,Đà Nẵng,Google Ads,7285,342,1768673,94,40
2026-04-15,Đà Nẵng,Zalo Ads,5323,106,185196,17,3
2026-04-15,Cần Thơ,Facebook Ads,8946,121,342635,14,3
2026-04-15,Cần Thơ,TikTok Ads,7447,126,380349,16,2
2026-04-15,Cần Thơ,Google Ads,4848,233,1086531,53,19
2026-04-15,Cần Thơ,Zalo Ads,3590,77,192912,14,4
2026-04-16,TP.HCM,Facebook Ads,46610,716,2870799,116,42
2026-04-16,TP.HCM,TikTok Ads,39871,802,2637932,79,25
2026-04-16,TP.HCM,Google Ads,25588,1326,8254355,294,133
2026-04-16,TP.HCM,Zalo Ads,18846,488,1472481,76,15
2026-04-16,Hà Nội,Facebook Ads,36404,510,2081625,89,24
2026-04-16,Hà Nội,TikTok Ads,31228,667,2583586,80,27
2026-04-16,Hà Nội,Google Ads,20219,812,4811896,261,150
2026-04-16,Hà Nội,Zalo Ads,14715,253,709000,34,13
2026-04-16,Đà Nẵng,Facebook Ads,13044,137,528149,11,3
2026-04-16,Đà Nẵng,TikTok Ads,10956,164,370412,23,10
2026-04-16,Đà Nẵng,Google Ads,7194,382,2086585,88,47
2026-04-16,Đà Nẵng,Zalo Ads,5310,111,293507,10,2
2026-04-16,Cần Thơ,Facebook Ads,8816,114,365743,11,4
2026-04-16,Cần Thơ,TikTok Ads,7522,173,502449,18,3
2026-04-16,Cần Thơ,Google Ads,4875,230,937489,39,16
2026-04-16,Cần Thơ,Zalo Ads,3572,62,150713,10,4
2026-04-17,TP.HCM,Facebook Ads,46513,716,2874580,103,30
2026-04-17,TP.HCM,TikTok Ads,39372,857,3449812,79,23
2026-04-17,TP.HCM,Google Ads,26036,777,5405004,222,77
2026-04-17,TP.HCM,Zalo Ads,18662,342,1016686,36,7
2026-04-17,Hà Nội,Facebook Ads,36507,559,2138038,68,22
2026-04-17,Hà Nội,TikTok Ads,30853,672,2193964,68,19
2026-04-17,Hà Nội,Google Ads,20152,684,3870802,144,50
2026-04-17,Hà Nội,Zalo Ads,14724,327,965069,78,30
2026-04-17,Đà Nẵng,Facebook Ads,13078,200,596632,37,16
2026-04-17,Đà Nẵng,TikTok Ads,11055,217,815833,28,3
2026-04-17,Đà Nẵng,Google Ads,7270,292,1555293,69,38
2026-04-17,Đà Nẵng,Zalo Ads,5378,106,189583,23,7
2026-04-17,Cần Thơ,Facebook Ads,8739,108,339942,11,4
2026-04-17,Cần Thơ,TikTok Ads,7431,110,304373,18,3
2026-04-17,Cần Thơ,Google Ads,4925,187,928481,45,15
2026-04-17,Cần Thơ,Zalo Ads,3486,69,165885,10,1
2026-04-18,TP.HCM,Facebook Ads,42328,439,1780992,68,20
2026-04-18,TP.HCM,TikTok Ads,35993,608,2221352,52,14
2026-04-18,TP.HCM,Google Ads,22960,855,5542898,209,102
2026-04-18,TP.HCM,Zalo Ads,16767,399,1287020,78,33
2026-04-18,Hà Nội,Facebook Ads,32820,449,2014330,37,11
2026-04-18,Hà Nội,TikTok Ads,28098,543,1730499,63,28
2026-04-18,Hà Nội,Google Ads,18297,868,5235650,165,69
2026-04-18,Hà Nội,Zalo Ads,13249,234,731960,36,13
2026-04-18,Đà Nẵng,Facebook Ads,11719,137,420646,19,5
2026-04-18,Đà Nẵng,TikTok Ads,10014,208,559420,26,10
2026-04-18,Đà Nẵng,Google Ads,6443,265,1225765,49,24
2026-04-18,Đà Nẵng,Zalo Ads,4742,115,267691,13,5
2026-04-18,Cần Thơ,Facebook Ads,8003,92,292346,7,1
2026-04-18,Cần Thơ,TikTok Ads,6872,124,337188,9,0
2026-04-18,Cần Thơ,Google Ads,4434,188,943281,47,26
2026-04-18,Cần Thơ,Zalo Ads,3233,64,142435,11,4
2026-04-19,TP.HCM,Facebook Ads,42437,570,2629067,62,33
2026-04-19,TP.HCM,TikTok Ads,35970,517,1794472,51,10
2026-04-19,TP.HCM,Google Ads,23068,971,6160871,184,67
2026-04-19,TP.HCM,Zalo Ads,17071,364,1064126,42,16
2026-04-19,Hà Nội,Facebook Ads,32789,327,1499714,29,11
2026-04-19,Hà Nội,TikTok Ads,27871,564,1812350,59,15
2026-04-19,Hà Nội,Google Ads,18173,957,5525262,232,94
2026-04-19,Hà Nội,Zalo Ads,13246,251,637992,36,13
2026-04-19,Đà Nẵng,Facebook Ads,11967,164,549567,32,13
2026-04-19,Đà Nẵng,TikTok Ads,10081,151,389252,13,5
2026-04-19,Đà Nẵng,Google Ads,6499,259,1172769,58,32
2026-04-19,Đà Nẵng,Zalo Ads,4870,96,250788,16,3
2026-04-19,Cần Thơ,Facebook Ads,8273,99,276620,14,2
2026-04-19,Cần Thơ,TikTok Ads,6899,118,300660,10,1
2026-04-19,Cần Thơ,Google Ads,4388,156,675925,37,11
2026-04-19,Cần Thơ,Zalo Ads,3125,74,151917,8,3
2026-04-20,TP.HCM,Facebook Ads,47605,616,2637086,92,29
2026-04-20,TP.HCM,TikTok Ads,40282,780,2910020,60,15
2026-04-20,TP.HCM,Google Ads,25951,1298,9727000,320,143
2026-04-20,TP.HCM,Zalo Ads,18967,385,1367524,56,16
2026-04-20,Hà Nội,Facebook Ads,36797,587,2407603,61,16
2026-04-20,Hà Nội,TikTok Ads,31324,546,2011691,68,13
2026-04-20,Hà Nội,Google Ads,20209,929,5934592,198,89
2026-04-20,Hà Nội,Zalo Ads,14840,318,952929,54,26
2026-04-20,Đà Nẵng,Facebook Ads,13197,231,833549,34,9
2026-04-20,Đà Nẵng,TikTok Ads,11188,195,571084,19,6
2026-04-20,Đà Nẵng,Google Ads,7268,339,1630309,76,30
2026-04-20,Đà Nẵng,Zalo Ads,5315,92,188965,14,4
2026-04-20,Cần Thơ,Facebook Ads,9001,135,422208,23,10
2026-04-20,Cần Thơ,TikTok Ads,7628,118,286857,10,4
2026-04-20,Cần Thơ,Google Ads,4938,235,1100974,55,23
2026-04-20,Cần Thơ,Zalo Ads,3570,73,177157,9,4
2026-04-21,TP.HCM,Facebook Ads,47272,621,2707642,101,30
2026-04-21,TP.HCM,TikTok Ads,40218,817,2987350,80,17
2026-04-21,TP.HCM,Google Ads,26082,828,4863724,271,102
2026-04-21,TP.HCM,Zalo Ads,18857,392,1320007,73,21
2026-04-21,Hà Nội,Facebook Ads,37085,517,2399811,88,34
2026-04-21,Hà Nội,TikTok Ads,31120,670,1923363,83,18
2026-04-21,Hà Nội,Google Ads,20235,874,5336099,178,107
2026-04-21,Hà Nội,Zalo Ads,14616,322,959753,43,22
2026-04-21,Đà Nẵng,Facebook Ads,13275,185,548262,21,11
2026-04-21,Đà Nẵng,TikTok Ads,11314,219,635706,26,8
2026-04-21,Đà Nẵng,Google Ads,7275,283,1402064,65,33
2026-04-21,Đà Nẵng,Zalo Ads,5253,104,271837,13,8
2026-04-21,Cần Thơ,Facebook Ads,9024,141,384530,16,6
2026-04-21,Cần Thơ,TikTok Ads,7746,193,427271,29,8
2026-04-21,Cần Thơ,Google Ads,4970,196,854161,55,27
2026-04-21,Cần Thơ,Zalo Ads,3559,69,156554,4,0
2026-04-22,TP.HCM,Facebook Ads,47298,746,3316772,136,51
2026-04-22,TP.HCM,TikTok Ads,40015,694,2630818,66,14
2026-04-22,TP.HCM,Google Ads,25984,921,6244143,212,89
2026-04-22,TP.HCM,Zalo Ads,19165,421,1327671,67,16
2026-04-22,Hà Nội,Facebook Ads,37083,514,2331219,69,23
2026-04-22,Hà Nội,TikTok Ads,31268,632,1939328,75,24
2026-04-22,Hà Nội,Google Ads,20349,620,3783168,118,43
2026-04-22,Hà Nội,Zalo Ads,14851,348,1026045,45,14
2026-04-22,Đà Nẵng,Facebook Ads,13273,194,716507,21,2
2026-04-22,Đà Nẵng,TikTok Ads,11188,173,489681,27,11
2026-04-22,Đà Nẵng,Google Ads,7433,249,1301584,59,29
2026-04-22,Đà Nẵng,Zalo Ads,5260,124,265030,23,6
2026-04-22,Cần Thơ,Facebook Ads,9109,98,313490,14,4
2026-04-22,Cần Thơ,TikTok Ads,7718,113,317300,18,5
2026-04-22,Cần Thơ,Google Ads,4960,196,998731,42,26
2026-04-22,Cần Thơ,Zalo Ads,3638,83,179644,17,6
2026-04-23,TP.HCM,Facebook Ads,47283,499,2160645,86,24
2026-04-23,TP.HCM,TikTok Ads,40730,706,2559955,47,15
2026-04-23,TP.HCM,Google Ads,26131,1359,8311313,261,114
2026-04-23,TP.HCM,Zalo Ads,19060,496,1565581,55,22
2026-04-23,Hà Nội,Facebook Ads,36880,548,2310569,71,21
2026-04-23,Hà Nội,TikTok Ads,31544,592,2238434,83,27
2026-04-23,Hà Nội,Google Ads,20200,660,3918865,119,54
2026-04-23,Hà Nội,Zalo Ads,14818,315,887422,49,14
2026-04-23,Đà Nẵng,Facebook Ads,13331,159,485739,24,7
2026-04-23,Đà Nẵng,TikTok Ads,11211,236,676375,24,3
2026-04-23,Đà Nẵng,Google Ads,7411,272,1353608,61,28
2026-04-23,Đà Nẵng,Zalo Ads,5240,136,322806,25,7
2026-04-23,Cần Thơ,Facebook Ads,8930,117,387261,19,7
2026-04-23,Cần Thơ,TikTok Ads,7651,144,389787,29,6
2026-04-23,Cần Thơ,Google Ads,4951,182,897367,48,21
2026-04-23,Cần Thơ,Zalo Ads,3659,68,157786,14,5
2026-04-24,TP.HCM,Facebook Ads,47950,753,3698871,100,35
2026-04-24,TP.HCM,TikTok Ads,40556,688,2676340,103,17
2026-04-24,TP.HCM,Google Ads,26304,1270,7975191,356,117
2026-04-24,TP.HCM,Zalo Ads,19268,479,1498939,75,38
2026-04-24,Hà Nội,Facebook Ads,37118,475,2005696,52,20
2026-04-24,Hà Nội,TikTok Ads,31599,623,2115323,86,13
2026-04-24,Hà Nội,Google Ads,20399,835,5528053,230,96
2026-04-24,Hà Nội,Zalo Ads,14726,336,988936,59,28
2026-04-24,Đà Nẵng,Facebook Ads,13505,185,601268,35,17
2026-04-24,Đà Nẵng,TikTok Ads,11364,265,800921,29,8
2026-04-24,Đà Nẵng,Google Ads,7282,265,1287297,66,35
2026-04-24,Đà Nẵng,Zalo Ads,5386,125,247837,16,6
2026-04-24,Cần Thơ,Facebook Ads,8898,101,345291,17,3
2026-04-24,Cần Thơ,TikTok Ads,7666,130,327261,19,4
2026-04-24,Cần Thơ,Google Ads,4993,173,895170,30,22
2026-04-24,Cần Thơ,Zalo Ads,3636,85,197064,14,3
2026-04-25,TP.HCM,Facebook Ads,43048,630,2602221,86,28
2026-04-25,TP.HCM,TikTok Ads,36409,635,2283993,77,15
2026-04-25,TP.HCM,Google Ads,23683,980,6669622,228,86
2026-04-25,TP.HCM,Zalo Ads,17216,319,1043349,57,19
2026-04-25,Hà Nội,Facebook Ads,33384,376,1768809,40,18
2026-04-25,Hà Nội,TikTok Ads,28572,485,1546360,48,18
2026-04-25,Hà Nội,Google Ads,18584,821,4937399,150,65
2026-04-25,Hà Nội,Zalo Ads,13458,310,875551,61,22
2026-04-25,Đà Nẵng,Facebook Ads,12077,186,642514,32,6
2026-04-25,Đà Nẵng,TikTok Ads,10168,152,457009,26,3
2026-04-25,Đà Nẵng,Google Ads,6685,289,1309982,67,31
2026-04-25,Đà Nẵng,Zalo Ads,4815,101,216942,16,4
2026-04-25,Cần Thơ,Facebook Ads,8079,126,447353,17,7
2026-04-25,Cần Thơ,TikTok Ads,6901,107,329593,18,5
2026-04-25,Cần Thơ,Google Ads,4409,195,1000826,35,18
2026-04-25,Cần Thơ,Zalo Ads,3277,89,214387,11,4
2026-04-26,TP.HCM,Facebook Ads,43097,670,2667800,85,31
2026-04-26,TP.HCM,TikTok Ads,36683,634,2655499,86,26
2026-04-26,TP.HCM,Google Ads,23811,1126,7519345,231,82
2026-04-26,TP.HCM,Zalo Ads,17275,370,1184344,59,21
2026-04-26,Hà Nội,Facebook Ads,33560,418,1731707,54,13
2026-04-26,Hà Nội,TikTok Ads,28565,453,1442397,47,15
2026-04-26,Hà Nội,Google Ads,18264,696,3897968,184,91
2026-04-26,Hà Nội,Zalo Ads,13481,353,1077129,53,27
2026-04-26,Đà Nẵng,Facebook Ads,12003,180,642590,25,11
2026-04-26,Đà Nẵng,TikTok Ads,10521,136,380249,15,2
2026-04-26,Đà Nẵng,Google Ads,6519,237,1084650,58,24
2026-04-26,Đà Nẵng,Zalo Ads,4832,104,246714,16,9
2026-04-26,Cần Thơ,Facebook Ads,8046,120,373062,15,5
2026-04-26,Cần Thơ,TikTok Ads,6991,138,354607,18,4
2026-04-26,Cần Thơ,Google Ads,4440,179,795293,34,16
2026-04-26,Cần Thơ,Zalo Ads,3207,88,193128,9,4
2026-04-27,TP.HCM,Facebook Ads,47886,556,2453220,71,17
2026-04-27,TP.HCM,TikTok Ads,40619,585,2120510,87,24
2026-04-27,TP.HCM,Google Ads,26593,1038,6257719,217,74
2026-04-27,TP.HCM,Zalo Ads,19232,413,1328844,61,27
2026-04-27,Hà Nội,Facebook Ads,37205,487,2011214,57,26
2026-04-27,Hà Nội,TikTok Ads,32190,597,2248957,79,21
2026-04-27,Hà Nội,Google Ads,20268,816,5531856,188,65
2026-04-27,Hà Nội,Zalo Ads,14806,235,689101,25,10
2026-04-27,Đà Nẵng,Facebook Ads,13524,200,780983,28,11
2026-04-27,Đà Nẵng,TikTok Ads,11358,197,610325,23,6
2026-04-27,Đà Nẵng,Google Ads,7437,327,1628263,83,53
2026-04-27,Đà Nẵng,Zalo Ads,5369,131,319180,19,8
2026-04-27,Cần Thơ,Facebook Ads,9032,136,467042,21,3
2026-04-27,Cần Thơ,TikTok Ads,7645,186,478423,20,4
2026-04-27,Cần Thơ,Google Ads,4964,250,1405624,77,31
2026-04-27,Cần Thơ,Zalo Ads,3615,88,220701,16,6
2026-04-28,TP.HCM,Facebook Ads,48247,583,2586226,100,25
2026-04-28,TP.HCM,TikTok Ads,40494,892,2950431,106,38
2026-04-28,TP.HCM,Google Ads,26486,890,5869372,205,99
2026-04-28,TP.HCM,Zalo Ads,19199,474,1375484,57,18
2026-04-28,Hà Nội,Facebook Ads,37388,523,2222767,82,33
2026-04-28,Hà Nội,TikTok Ads,32132,660,2536237,72,11
2026-04-28,Hà Nội,Google Ads,20803,695,4001076,181,78
2026-04-28,Hà Nội,Zalo Ads,14840,295,818048,42,23
2026-04-28,Đà Nẵng,Facebook Ads,13461,205,653886,24,4
2026-04-28,Đà Nẵng,TikTok Ads,11232,190,540954,27,3
2026-04-28,Đà Nẵng,Google Ads,7236,276,1320919,57,26
2026-04-28,Đà Nẵng,Zalo Ads,5461,125,301080,22,9
2026-04-28,Cần Thơ,Facebook Ads,9130,140,403200,17,1
2026-04-28,Cần Thơ,TikTok Ads,7749,139,417286,13,4
2026-04-28,Cần Thơ,Google Ads,4994,225,1101229,45,18
2026-04-28,Cần Thơ,Zalo Ads,3669,72,177454,7,2
2026-04-29,TP.HCM,Facebook Ads,47344,706,3107789,58,18
2026-04-29,TP.HCM,TikTok Ads,40863,785,2901367,75,16
2026-04-29,TP.HCM,Google Ads,26337,1052,7307463,233,93
2026-04-29,TP.HCM,Zalo Ads,19353,393,1043134,35,16
2026-04-29,Hà Nội,Facebook Ads,37733,513,2268136,83,20
2026-04-29,Hà Nội,TikTok Ads,32106,484,1880808,28,6
2026-04-29,Hà Nội,Google Ads,20465,700,3483437,111,52
2026-04-29,Hà Nội,Zalo Ads,15064,297,841400,40,11
2026-04-29,Đà Nẵng,Facebook Ads,13302,171,621320,21,7
2026-04-29,Đà Nẵng,TikTok Ads,11514,240,590255,17,4
2026-04-29,Đà Nẵng,Google Ads,7269,265,1373663,52,21
2026-04-29,Đà Nẵng,Zalo Ads,5328,136,338272,17,3
2026-04-29,Cần Thơ,Facebook Ads,9185,130,374569,22,9
2026-04-29,Cần Thơ,TikTok Ads,7611,93,234834,11,3
2026-04-29,Cần Thơ,Google Ads,5031,176,914690,33,13
2026-04-29,Cần Thơ,Zalo Ads,3620,65,158230,10,0
2026-04-30,TP.HCM,Facebook Ads,48002,749,3353305,101,44
2026-04-30,TP.HCM,TikTok Ads,40823,681,2706515,71,12
2026-04-30,TP.HCM,Google Ads,26491,786,4619586,219,65
2026-04-30,TP.HCM,Zalo Ads,19315,397,1234882,49,24
2026-04-30,Hà Nội,Facebook Ads,37327,514,2004908,68,17
2026-04-30,Hà Nội,TikTok Ads,31855,779,2815911,80,22
2026-04-30,Hà Nội,Google Ads,20666,917,6069757,204,102
2026-04-30,Hà Nội,Zalo Ads,15090,335,1013039,44,21
2026-04-30,Đà Nẵng,Facebook Ads,13541,177,627830,29,11
2026-04-30,Đà Nẵng,TikTok Ads,11421,216,561580,29,13
2026-04-30,Đà Nẵng,Google Ads,7480,313,1680158,87,34
2026-04-30,Đà Nẵng,Zalo Ads,5280,91,208383,12,5
2026-04-30,Cần Thơ,Facebook Ads,9274,137,430688,17,3
2026-04-30,Cần Thơ,TikTok Ads,7717,156,455988,20,8
2026-04-30,Cần Thơ,Google Ads,5105,228,1186931,38,28
2026-04-30,Cần Thơ,Zalo Ads,3665,69,132322,13,8
